<?xml version="1.0" encoding="UTF-8"?>
<project-private xmlns="http://www.netbeans.org/ns/project-private/1">
    <editor-bookmarks xmlns="http://www.netbeans.org/ns/editor-bookmarks/2" lastBookmarkId="0"/>
    <open-files xmlns="http://www.netbeans.org/ns/projectui-open-files/2">
        <group>
            <file>file:/C:/Users/ADMIN/OneDrive%20-%20student.ptithcm.edu.vn/Documents/NetBeansProjects/cd2/src/cd2/N20DCCN065_N20DCCN066_N20DCCN067.java</file>
            <file>file:/C:/Users/ADMIN/OneDrive%20-%20student.ptithcm.edu.vn/Documents/NetBeansProjects/cd2/src/cd2/input.txt</file>
            <file>file:/C:/Users/ADMIN/OneDrive%20-%20student.ptithcm.edu.vn/Documents/NetBeansProjects/cd2/src/cd2/output.txt</file>
        </group>
    </open-files>
</project-private>
